{
    "accuracy": 0.6725793179116759,
    "roc_auc": 0.7111518107392009,
    "classification_report": {
        "Bad (0)": {
            "precision": 0.6342820999367489,
            "recall": 0.5400107700592354,
            "f1-score": 0.5833624200116346,
            "support": 9285.0
        },
        "Good (1)": {
            "precision": 0.6942515570191138,
            "recall": 0.7703550718881563,
            "f1-score": 0.7303260787709918,
            "support": 12589.0
        },
        "accuracy": 0.6725793179116759,
        "macro avg": {
            "precision": 0.6642668284779314,
            "recall": 0.6551829209736959,
            "f1-score": 0.6568442493913131,
            "support": 21874.0
        },
        "weighted avg": {
            "precision": 0.6687959289213833,
            "recall": 0.6725793179116759,
            "f1-score": 0.6679434522929525,
            "support": 21874.0
        }
    },
    "confusion_matrix": [
        [
            5014,
            4271
        ],
        [
            2891,
            9698
        ]
    ]
}